{
    "0": {
        "precision": 0.9741457433196393,
        "recall": 0.9797867526740144,
        "f1-score": 0.9769003661057715,
        "support": 196789.7413127413
    },
    "1": {
        "precision": 0.9166617338485168,
        "recall": 0.893173050298035,
        "f1-score": 0.9037135603857299,
        "support": 53210.25868725869
    },
    "2": {
        "precision": 0.0,
        "recall": 0.0,
        "f1-score": 0.0,
        "support": 0.0
    },
    "3": {
        "precision": 0.0,
        "recall": 0.0,
        "f1-score": 0.0,
        "support": 0.0
    },
    "4": {
        "precision": 0.0,
        "recall": 0.0,
        "f1-score": 0.0,
        "support": 0.0
    },
    "5": {
        "precision": 0.0,
        "recall": 0.0,
        "f1-score": 0.0,
        "support": 0.0
    },
    "accuracy": 0.9641303526383528,
    "macro avg": {
        "precision": 0.9454037385840782,
        "recall": 0.9364799014860243,
        "f1-score": 0.9403069632457504,
        "support": 250000.0
    },
    "weighted avg": {
        "precision": 0.964147754194597,
        "recall": 0.9641303526383528,
        "f1-score": 0.9638890861288147,
        "support": 250000.0
    }
}